step,opening,n_moves,mean_lc0_prob,var_lc0_prob,mean_human_prob,var_human_prob,nll
0,Bishop's Opening,35,0.283515,0.062664,0.352661,0.054265,3.371567
0,Bishop's Opening: Berlin Defense,28,0.332631,0.055953,0.308934,0.012975,4.137286
0,Bogo-Indian Defense: Exchange Variation,18,0.463244,0.034833,0.347724,0.024347,0.883646
0,Bogo-Indian Defense: Nimzowitsch Variation,18,0.413019,0.07094,0.301482,0.012573,2.88884
0,Catalan Opening: Closed,24,0.471086,0.071575,0.379432,0.059839,0.938004
0,Grünfeld Defense,10,0.445039,0.095565,0.346147,0.059713,4.235563
0,Grünfeld Defense: Exchange Variation,10,0.545039,0.096557,0.436404,0.082957,2.393494
0,Grünfeld Defense: Three Knights Variation,30,0.402072,0.113128,0.330739,0.060153,5.448815
0,"Grünfeld Defense: Three Knights Variation, Petrosian System",21,0.381378,0.103588,0.377614,0.068151,5.025225
0,Indian Defense: Anti-Nimzo-Indian,22,0.369743,0.088719,0.274575,0.03745,4.165991
0,Indian Defense: London System,35,0.321719,0.052297,0.350224,0.05641,3.622533
0,Italian Game: Classical Variation,18,0.381874,0.088413,0.364866,0.031454,3.895241
0,"Italian Game: Classical Variation, Albin Gambit",16,0.373519,0.081311,0.380332,0.028566,3.218374
0,"Italian Game: Classical Variation, Center Attack",16,0.460859,0.105505,0.428088,0.023157,2.043322
0,"Italian Game: Classical Variation, Giuoco Pianissimo",35,0.569088,0.064507,0.346306,0.017855,0.691226
0,"Italian Game: Giuoco Pianissimo, Normal",27,0.510938,0.056898,0.349352,0.016064,0.808735
0,Italian Game: Giuoco Piano,22,0.465473,0.108226,0.369313,0.020547,2.472156
0,"Italian Game: Two Knights Defense, Knight Attack, Normal Variation",25,0.509568,0.144189,0.444001,0.080385,2.921355
0,"Italian Game: Two Knights Defense, Modern Bishop's Opening",31,0.443382,0.07428,0.299176,0.015923,3.074851
0,"Italian Game: Two Knights Defense, Traxler Counterattack, Bishop Sacrifice Line",22,0.414661,0.100473,0.323835,0.020155,3.351228
0,"Italian Game: Two Knights Defense, Traxler Counterattack, Knight Sacrifice Line",22,0.320721,0.08511,0.372124,0.029836,3.637209
0,King's Indian Defense,10,0.401449,0.088406,0.405792,0.040393,4.33475
0,King's Indian Defense: Fianchetto Variation,22,0.457185,0.047696,0.441064,0.108347,0.964221
0,"King's Indian Defense: Fianchetto Variation, Delayed Fianchetto",16,0.414688,0.052676,0.291299,0.054513,1.101719
0,King's Indian Defense: Four Pawns Attack,9,0.531525,0.099972,0.459675,0.05215,2.606721
0,King's Indian Defense: Normal Variation,10,0.445039,0.078281,0.400227,0.041976,2.62455
0,"King's Indian Defense: Normal Variation, King's Knight Variation",18,0.45126,0.090955,0.414267,0.048594,2.779093
0,"King's Indian Defense: Normal Variation, Rare Defenses",24,0.516638,0.085093,0.43958,0.049356,1.517552
0,King's Indian Defense: Smyslov Variation,21,0.352348,0.069445,0.407008,0.054143,4.304071
0,London System,29,0.348367,0.089221,0.341028,0.051066,5.185425
0,"London System, with Bd3",13,0.326564,0.057956,0.399965,0.07114,5.005249
0,"London System, with Be2",13,0.354536,0.043991,0.383035,0.07741,2.433567
0,Neo-Grünfeld Defense: with Nf3,24,0.361903,0.08335,0.320509,0.051207,4.588826
0,Nimzo-Indian Defense,21,0.308658,0.049743,0.272688,0.013207,4.413896
0,Nimzo-Indian Defense: Classical Variation,10,0.451364,0.033077,0.336314,0.019322,0.881967
0,"Nimzo-Indian Defense: Classical Variation, Berlin Variation",10,0.451364,0.077522,0.339277,0.020024,2.573627
0,Nimzo-Indian Defense: Three Knights Variation,30,0.319764,0.10214,0.326212,0.067083,6.764274
0,Petrov's Defense: Italian Variation,20,0.341984,0.078013,0.314097,0.012347,4.513287
0,Philidor Defense,51,0.343927,0.099093,0.3688,0.063277,5.146596
0,Philidor Defense: Exchange Variation,20,0.425126,0.110763,0.372259,0.040539,5.145868
0,Queen's Gambit Accepted,33,0.294934,0.050561,0.340622,0.036558,4.307756
0,Queen's Gambit Accepted: Old Variation,34,0.422586,0.13754,0.377624,0.054529,4.990641
0,Queen's Gambit Declined,38,0.382424,0.082655,0.336386,0.029532,4.136599
0,Queen's Gambit Declined: Harrwitz Attack,34,0.473704,0.026208,0.334187,0.015322,0.808529
0,Queen's Gambit Declined: Modern Variation,19,0.367879,0.060321,0.329033,0.019593,2.915656
0,Queen's Gambit Declined: Ragozin Defense,39,0.452316,0.032858,0.329671,0.017334,0.884278
0,Queen's Gambit Declined: Three Knights Variation,34,0.53841,0.025424,0.359526,0.014769,0.665822
0,"Queen's Gambit Declined: Three Knights, Vienna Variation",9,0.213244,0.021346,0.303791,0.005946,5.163551
0,"Queen's Gambit Declined: Vienna Variation, Quiet Variation",14,0.219625,0.029288,0.263161,0.008344,5.064038
0,Queen's Pawn Game: Accelerated London System,98,0.271731,0.042434,0.320097,0.018738,5.192723
0,Queen's Pawn Game: London System,35,0.292786,0.050754,0.323223,0.028665,4.591803
0,"Ruy Lopez: Berlin Defense, Improved Steinitz Defense",10,0.423636,0.094749,0.373112,0.028875,4.277659
0,Ruy Lopez: Exchange Variation,9,0.553794,0.090387,0.467343,0.036089,0.812275
0,"Ruy Lopez: Exchange Variation, Lutikov Variation",10,0.504398,0.079348,0.401795,0.027337,0.877681
0,"Ruy Lopez: Exchange Variation, Normal Variation",9,0.613623,0.071166,0.473418,0.034082,0.645156
0,Ruy Lopez: Morphy Defense,9,0.758923,0.059909,0.497945,0.022661,0.345324
0,"Ruy Lopez: Morphy Defense, Anderssen Variation",9,0.647811,0.105101,0.453968,0.026772,2.392067
0,"Ruy Lopez: Morphy Defense, Caro Variation",10,0.58303,0.132361,0.460445,0.07087,3.994928
0,Ruy Lopez: Steinitz Defense,17,0.42044,0.122601,0.371974,0.05218,4.945125
0,Semi-Slav Defense,14,0.390404,0.03929,0.367238,0.0222,1.072651
0,Semi-Slav Defense: Accelerated Move Order,17,0.331343,0.036456,0.33232,0.02061,4.061751
0,Semi-Slav Defense: Main Line,17,0.484314,0.058523,0.323265,0.020431,0.875949
0,Sicilian Defense,10,0.478485,0.134035,0.479263,0.074454,4.244808
0,Sicilian Defense: Chekhover Variation,13,0.404817,0.114951,0.409734,0.052242,4.887727
0,Sicilian Defense: Closed,66,0.373685,0.099972,0.361892,0.055075,4.405761
0,"Sicilian Defense: Closed, Traditional",34,0.397534,0.117452,0.3396,0.063751,4.981975
0,Sicilian Defense: Franco-Sicilian Variation,20,0.320427,0.106173,0.384879,0.075675,5.467718
0,Sicilian Defense: Grand Prix Attack,35,0.416017,0.108035,0.377194,0.063665,4.363879
0,Sicilian Defense: Löwenthal Variation,10,0.479394,0.124973,0.501852,0.056042,2.646019
0,Sicilian Defense: Modern Variations,35,0.311248,0.067677,0.311342,0.025573,4.592352
0,"Sicilian Defense: Modern Variations, Anti-Qxd4 Move Order",17,0.394296,0.140826,0.38408,0.073125,6.009041
0,"Sicilian Defense: Modern Variations, Anti-Qxd4 Move Order Accepted",10,0.358485,0.074472,0.391511,0.061378,4.456835
0,"Sicilian Defense: Modern Variations, Main Line",10,0.588485,0.135669,0.567433,0.085864,2.392204
0,Sicilian Defense: Old Sicilian,35,0.341323,0.067087,0.32401,0.04858,3.130924
0,Sicilian Defense: Open,17,0.464409,0.1441,0.45994,0.088346,3.960741
0,Sicilian Defense: Taimanov Variation,9,0.52312,0.091881,0.45596,0.071935,0.852016
100,Bishop's Opening,35,0.250166,0.090814,0.352661,0.054265,6.295606
100,Bishop's Opening: Berlin Defense,28,0.329573,0.071662,0.308934,0.012975,5.331107
100,Bogo-Indian Defense: Exchange Variation,18,0.467116,0.098145,0.347724,0.024347,4.547458
100,Bogo-Indian Defense: Nimzowitsch Variation,18,0.438721,0.11004,0.301482,0.012573,4.679441
100,Catalan Opening: Closed,24,0.550952,0.101359,0.379432,0.059839,0.810836
100,Grünfeld Defense,10,0.430909,0.042913,0.346147,0.059713,0.982715
100,Grünfeld Defense: Exchange Variation,10,0.464242,0.062937,0.436404,0.082957,2.506148
100,Grünfeld Defense: Three Knights Variation,30,0.475166,0.126821,0.330739,0.060153,5.292094
100,"Grünfeld Defense: Three Knights Variation, Petrosian System",21,0.461877,0.082864,0.377614,0.068151,2.495125
100,Indian Defense: Anti-Nimzo-Indian,22,0.428707,0.122311,0.274575,0.03745,4.065777
100,Indian Defense: London System,35,0.327504,0.114063,0.350224,0.05641,7.808693
100,Italian Game: Classical Variation,18,0.297961,0.0669,0.364866,0.031454,4.154972
100,"Italian Game: Classical Variation, Albin Gambit",16,0.37258,0.082577,0.380332,0.028566,3.339049
100,"Italian Game: Classical Variation, Center Attack",16,0.399095,0.097885,0.428088,0.023157,3.233675
100,"Italian Game: Classical Variation, Giuoco Pianissimo",35,0.411354,0.086625,0.346306,0.017855,2.065202
100,"Italian Game: Giuoco Pianissimo, Normal",27,0.46633,0.06492,0.349352,0.016064,2.08973
100,Italian Game: Giuoco Piano,22,0.393006,0.076684,0.369313,0.020547,4.098487
100,"Italian Game: Two Knights Defense, Knight Attack, Normal Variation",25,0.509259,0.177324,0.444001,0.080385,6.164146
100,"Italian Game: Two Knights Defense, Modern Bishop's Opening",31,0.462668,0.084952,0.299176,0.015923,2.003908
100,"Italian Game: Two Knights Defense, Traxler Counterattack, Bishop Sacrifice Line",22,0.305976,0.129866,0.323835,0.020155,9.516622
100,"Italian Game: Two Knights Defense, Traxler Counterattack, Knight Sacrifice Line",22,0.305976,0.129866,0.372124,0.029836,9.516622
100,King's Indian Defense,10,0.445556,0.049091,0.405792,0.040393,2.528462
100,King's Indian Defense: Fianchetto Variation,22,0.548278,0.093438,0.441064,0.108347,2.237089
100,"King's Indian Defense: Fianchetto Variation, Delayed Fianchetto",16,0.434438,0.080509,0.291299,0.054513,3.023346
100,King's Indian Defense: Four Pawns Attack,9,0.444444,0.045205,0.459675,0.05215,2.710722
100,King's Indian Defense: Normal Variation,10,0.444444,0.065376,0.400227,0.041976,2.564926
100,"King's Indian Defense: Normal Variation, King's Knight Variation",18,0.518659,0.081319,0.414267,0.048594,2.60261
100,"King's Indian Defense: Normal Variation, Rare Defenses",24,0.537774,0.084409,0.43958,0.049356,2.79391
100,King's Indian Defense: Smyslov Variation,21,0.389202,0.092953,0.407008,0.054143,5.75273
100,London System,29,0.399799,0.127949,0.341028,0.051066,6.231712
100,"London System, with Bd3",13,0.380851,0.102128,0.399965,0.07114,4.979359
100,"London System, with Be2",13,0.387844,0.097388,0.383035,0.07741,3.746837
100,Neo-Grünfeld Defense: with Nf3,24,0.40168,0.096744,0.320509,0.051207,3.877398
100,Nimzo-Indian Defense,21,0.383509,0.071842,0.272688,0.013207,3.455286
100,Nimzo-Indian Defense: Classical Variation,10,0.402778,0.0596,0.336314,0.019322,4.277251
100,"Nimzo-Indian Defense: Classical Variation, Berlin Variation",10,0.311111,0.056173,0.339277,0.020024,4.543997
100,Nimzo-Indian Defense: Three Knights Variation,30,0.325123,0.12854,0.326212,0.067083,7.860714
100,Petrov's Defense: Italian Variation,20,0.191275,0.076379,0.314097,0.012347,10.600887
100,Philidor Defense,51,0.252397,0.093023,0.3688,0.063277,8.859698
100,Philidor Defense: Exchange Variation,20,0.392135,0.121575,0.372259,0.040539,5.265028
100,Queen's Gambit Accepted,33,0.332201,0.122615,0.340622,0.036558,6.766707
100,Queen's Gambit Accepted: Old Variation,34,0.384225,0.136572,0.377624,0.054529,6.021536
100,Queen's Gambit Declined,38,0.387002,0.124694,0.336386,0.029532,6.323562
100,Queen's Gambit Declined: Harrwitz Attack,34,0.529828,0.087243,0.334187,0.015322,1.27888
100,Queen's Gambit Declined: Modern Variation,19,0.359463,0.078571,0.329033,0.019593,5.445939
100,Queen's Gambit Declined: Ragozin Defense,39,0.47871,0.101673,0.329671,0.017334,3.418644
100,Queen's Gambit Declined: Three Knights Variation,34,0.562507,0.073333,0.359526,0.014769,1.176946
100,"Queen's Gambit Declined: Three Knights, Vienna Variation",9,0.295511,0.116196,0.303791,0.005946,8.628188
100,"Queen's Gambit Declined: Vienna Variation, Quiet Variation",14,0.393939,0.134505,0.263161,0.008344,6.972494
100,Queen's Pawn Game: Accelerated London System,98,0.300202,0.103051,0.320097,0.018738,8.35499
100,Queen's Pawn Game: London System,35,0.288485,0.100131,0.323223,0.028665,8.385522
100,"Ruy Lopez: Berlin Defense, Improved Steinitz Defense",10,0.373458,0.073405,0.373112,0.028875,4.382576
100,Ruy Lopez: Exchange Variation,9,0.419275,0.073602,0.467343,0.036089,2.832743
100,"Ruy Lopez: Exchange Variation, Lutikov Variation",10,0.380984,0.059801,0.401795,0.027337,2.733297
100,"Ruy Lopez: Exchange Variation, Normal Variation",9,0.519275,0.069747,0.473418,0.034082,0.797708
100,Ruy Lopez: Morphy Defense,9,0.614336,0.084823,0.497945,0.022661,0.622011
100,"Ruy Lopez: Morphy Defense, Anderssen Variation",9,0.503225,0.097886,0.453968,0.026772,2.668754
100,"Ruy Lopez: Morphy Defense, Caro Variation",10,0.452903,0.110888,0.460445,0.07087,4.243946
100,Ruy Lopez: Steinitz Defense,17,0.397667,0.107641,0.371974,0.05218,4.984451
100,Semi-Slav Defense,14,0.463781,0.105505,0.367238,0.0222,3.287883
100,Semi-Slav Defense: Accelerated Move Order,17,0.31527,0.100835,0.33232,0.02061,7.07339
100,Semi-Slav Defense: Main Line,17,0.558408,0.115601,0.323265,0.020431,2.690746
100,Sicilian Defense,10,0.466677,0.147973,0.479263,0.074454,4.365141
100,Sicilian Defense: Chekhover Variation,13,0.401718,0.107632,0.409734,0.052242,4.930724
100,Sicilian Defense: Closed,66,0.369791,0.131999,0.361892,0.055075,6.680006
100,"Sicilian Defense: Closed, Traditional",34,0.426281,0.148711,0.3396,0.063751,5.931012
100,Sicilian Defense: Franco-Sicilian Variation,20,0.306196,0.098797,0.384879,0.075675,6.349315
100,Sicilian Defense: Grand Prix Attack,35,0.37718,0.111876,0.377194,0.063665,4.514892
100,Sicilian Defense: Löwenthal Variation,10,0.473344,0.107657,0.501852,0.056042,2.675055
100,Sicilian Defense: Modern Variations,35,0.246307,0.086555,0.311342,0.025573,9.41408
100,"Sicilian Defense: Modern Variations, Anti-Qxd4 Move Order",17,0.374189,0.118572,0.38408,0.073125,5.130938
100,"Sicilian Defense: Modern Variations, Anti-Qxd4 Move Order Accepted",10,0.333344,0.096618,0.391511,0.061378,4.654178
100,"Sicilian Defense: Modern Variations, Main Line",10,0.566677,0.144637,0.567433,0.085864,2.523072
100,Sicilian Defense: Old Sicilian,35,0.361146,0.110906,0.32401,0.04858,4.597967
100,Sicilian Defense: Open,17,0.481646,0.139418,0.45994,0.088346,3.929804
100,Sicilian Defense: Taimanov Variation,9,0.613536,0.123351,0.45596,0.071935,0.785506
200,Bishop's Opening,35,0.246433,0.096747,0.352661,0.054265,7.670225
200,Bishop's Opening: Berlin Defense,28,0.338881,0.065938,0.308934,0.012975,5.291972
200,Bogo-Indian Defense: Exchange Variation,18,0.451178,0.084711,0.347724,0.024347,4.558198
200,Bogo-Indian Defense: Nimzowitsch Variation,18,0.422166,0.095891,0.301482,0.012573,4.695598
200,Catalan Opening: Closed,24,0.54721,0.081208,0.379432,0.059839,0.753181
200,Grünfeld Defense,10,0.421759,0.040565,0.346147,0.059713,0.994401
200,Grünfeld Defense: Exchange Variation,10,0.477314,0.064172,0.436404,0.082957,2.470398
200,Grünfeld Defense: Three Knights Variation,30,0.471936,0.122951,0.330739,0.060153,5.295722
200,"Grünfeld Defense: Three Knights Variation, Petrosian System",21,0.466883,0.079519,0.377614,0.068151,2.463744
200,Indian Defense: Anti-Nimzo-Indian,22,0.417388,0.087416,0.274575,0.03745,3.998858
200,Indian Defense: London System,35,0.329206,0.109409,0.350224,0.05641,6.910885
200,Italian Game: Classical Variation,18,0.285038,0.066442,0.364866,0.031454,5.063301
200,"Italian Game: Classical Variation, Albin Gambit",16,0.359147,0.08463,0.380332,0.028566,5.313097
200,"Italian Game: Classical Variation, Center Attack",16,0.377613,0.097694,0.428088,0.023157,5.254581
200,"Italian Game: Classical Variation, Giuoco Pianissimo",35,0.398619,0.086131,0.346306,0.017855,2.990454
200,"Italian Game: Giuoco Pianissimo, Normal",27,0.457054,0.06496,0.349352,0.016064,2.11383
200,Italian Game: Giuoco Piano,22,0.398204,0.082384,0.369313,0.020547,4.792774
200,"Italian Game: Two Knights Defense, Knight Attack, Normal Variation",25,0.504301,0.175531,0.444001,0.080385,6.171196
200,"Italian Game: Two Knights Defense, Modern Bishop's Opening",31,0.462773,0.101798,0.299176,0.015923,2.569002
200,"Italian Game: Two Knights Defense, Traxler Counterattack, Bishop Sacrifice Line",22,0.300342,0.125534,0.323835,0.020155,9.524634
200,"Italian Game: Two Knights Defense, Traxler Counterattack, Knight Sacrifice Line",22,0.300342,0.125534,0.372124,0.029836,9.524634
200,King's Indian Defense,10,0.446405,0.043839,0.405792,0.040393,2.50937
200,King's Indian Defense: Fianchetto Variation,22,0.541713,0.094569,0.441064,0.108347,2.260249
200,"King's Indian Defense: Fianchetto Variation, Delayed Fianchetto",16,0.42541,0.074157,0.291299,0.054513,3.03855
200,King's Indian Defense: Four Pawns Attack,9,0.446623,0.040479,0.459675,0.05215,2.688129
200,King's Indian Defense: Normal Variation,10,0.446405,0.061123,0.400227,0.041976,2.544592
200,"King's Indian Defense: Normal Variation, King's Knight Variation",18,0.520118,0.079032,0.414267,0.048594,2.599619
200,"King's Indian Defense: Normal Variation, Rare Defenses",24,0.532218,0.079324,0.43958,0.049356,2.800166
200,King's Indian Defense: Smyslov Variation,21,0.387614,0.088723,0.407008,0.054143,5.753522
200,London System,29,0.402169,0.142625,0.341028,0.051066,7.327174
200,"London System, with Bd3",13,0.373245,0.129348,0.399965,0.07114,7.464722
200,"London System, with Be2",13,0.386066,0.120681,0.383035,0.07741,5.013064
200,Neo-Grünfeld Defense: with Nf3,24,0.4111,0.110996,0.320509,0.051207,4.549638
200,Nimzo-Indian Defense,21,0.378211,0.064098,0.272688,0.013207,3.439413
200,Nimzo-Indian Defense: Classical Variation,10,0.382516,0.050783,0.336314,0.019322,4.312879
200,"Nimzo-Indian Defense: Classical Variation, Berlin Variation",10,0.277213,0.044999,0.339277,0.020024,4.639233
200,Nimzo-Indian Defense: Three Knights Variation,30,0.318418,0.121774,0.326212,0.067083,7.856015
200,Petrov's Defense: Italian Variation,20,0.181335,0.073295,0.314097,0.012347,10.631107
200,Philidor Defense,51,0.25413,0.089881,0.3688,0.063277,8.533017
200,Philidor Defense: Exchange Variation,20,0.39466,0.125428,0.372259,0.040539,5.278675
200,Queen's Gambit Accepted,33,0.329966,0.123233,0.340622,0.036558,7.247207
200,Queen's Gambit Accepted: Old Variation,34,0.391919,0.133239,0.377624,0.054529,5.542657
200,Queen's Gambit Declined,38,0.378639,0.118896,0.336386,0.029532,6.329787
200,Queen's Gambit Declined: Harrwitz Attack,34,0.494124,0.084057,0.334187,0.015322,1.360577
200,Queen's Gambit Declined: Modern Variation,19,0.346354,0.073764,0.329033,0.019593,5.475033
200,Queen's Gambit Declined: Ragozin Defense,39,0.461683,0.089746,0.329671,0.017334,3.039883
200,Queen's Gambit Declined: Three Knights Variation,34,0.533637,0.071815,0.359526,0.014769,1.242185
200,"Queen's Gambit Declined: Three Knights, Vienna Variation",9,0.299102,0.113627,0.303791,0.005946,8.616481
200,"Queen's Gambit Declined: Vienna Variation, Quiet Variation",14,0.397908,0.132524,0.263161,0.008344,6.961645
200,Queen's Pawn Game: Accelerated London System,98,0.306833,0.100885,0.320097,0.018738,8.007937
200,Queen's Pawn Game: London System,35,0.285034,0.089415,0.323223,0.028665,7.48973
200,"Ruy Lopez: Berlin Defense, Improved Steinitz Defense",10,0.380342,0.066053,0.373112,0.028875,4.348004
200,Ruy Lopez: Exchange Variation,9,0.409639,0.065289,0.467343,0.036089,2.842512
200,"Ruy Lopez: Exchange Variation, Lutikov Variation",10,0.368675,0.049171,0.401795,0.027337,2.742315
200,"Ruy Lopez: Exchange Variation, Normal Variation",9,0.492972,0.052571,0.473418,0.034082,0.827734
200,Ruy Lopez: Morphy Defense,9,0.60717,0.081173,0.497945,0.022661,0.628649
200,"Ruy Lopez: Morphy Defense, Anderssen Variation",9,0.496059,0.092643,0.453968,0.026772,2.675392
200,"Ruy Lopez: Morphy Defense, Caro Variation",10,0.446453,0.105525,0.460445,0.07087,4.249921
200,Ruy Lopez: Steinitz Defense,17,0.394602,0.099302,0.371974,0.05218,4.973698
200,Semi-Slav Defense,14,0.442063,0.115576,0.367238,0.0222,3.385593
200,Semi-Slav Defense: Accelerated Move Order,17,0.312469,0.096146,0.33232,0.02061,7.068863
200,Semi-Slav Defense: Main Line,17,0.579739,0.122632,0.323265,0.020431,2.663414
200,Sicilian Defense,10,0.441111,0.127211,0.479263,0.074454,4.390749
200,Sicilian Defense: Chekhover Variation,13,0.409402,0.113008,0.409734,0.052242,4.917066
200,Sicilian Defense: Closed,66,0.383821,0.149333,0.361892,0.055075,7.160829
200,"Sicilian Defense: Closed, Traditional",34,0.420092,0.148371,0.3396,0.063751,5.958578
200,Sicilian Defense: Franco-Sicilian Variation,20,0.290843,0.098371,0.384879,0.075675,7.184244
200,Sicilian Defense: Grand Prix Attack,35,0.374425,0.116461,0.377194,0.063665,5.429687
200,Sicilian Defense: Löwenthal Variation,10,0.441242,0.105369,0.501852,0.056042,2.767508
200,Sicilian Defense: Modern Variations,35,0.252929,0.081336,0.311342,0.025573,8.480256
200,"Sicilian Defense: Modern Variations, Anti-Qxd4 Move Order",17,0.375742,0.118903,0.38408,0.073125,5.125202
200,"Sicilian Defense: Modern Variations, Anti-Qxd4 Move Order Accepted",10,0.325556,0.093532,0.391511,0.061378,4.665191
200,"Sicilian Defense: Modern Variations, Main Line",10,0.563333,0.143952,0.567433,0.085864,2.52355
200,Sicilian Defense: Old Sicilian,35,0.354176,0.119528,0.32401,0.04858,5.516769
200,Sicilian Defense: Open,17,0.485269,0.148014,0.45994,0.088346,3.909695
200,Sicilian Defense: Taimanov Variation,9,0.619545,0.116029,0.45596,0.071935,0.751575
300,Bishop's Opening,35,0.257685,0.096189,0.352661,0.054265,7.155047
300,Bishop's Opening: Berlin Defense,28,0.333081,0.065759,0.308934,0.012975,5.867377
300,Bogo-Indian Defense: Exchange Variation,18,0.469136,0.105302,0.347724,0.024347,4.555664
300,Bogo-Indian Defense: Nimzowitsch Variation,18,0.441358,0.113482,0.301482,0.012573,4.666699
300,Catalan Opening: Closed,24,0.547585,0.101819,0.379432,0.059839,0.808039
300,Grünfeld Defense,10,0.412677,0.04277,0.346147,0.059713,1.022194
300,Grünfeld Defense: Exchange Variation,10,0.44601,0.06548,0.436404,0.082957,2.554153
300,Grünfeld Defense: Three Knights Variation,30,0.486077,0.134689,0.330739,0.060153,5.282222
300,"Grünfeld Defense: Three Knights Variation, Petrosian System",21,0.472174,0.084772,0.377614,0.068151,2.461946
300,Indian Defense: Anti-Nimzo-Indian,22,0.420047,0.110101,0.274575,0.03745,4.057869
300,Indian Defense: London System,35,0.337313,0.121722,0.350224,0.05641,7.358161
300,Italian Game: Classical Variation,18,0.318547,0.091453,0.364866,0.031454,4.169447
300,"Italian Game: Classical Variation, Albin Gambit",16,0.374988,0.083535,0.380332,0.028566,3.344575
300,"Italian Game: Classical Variation, Center Attack",16,0.420865,0.097105,0.428088,0.023157,3.176486
300,"Italian Game: Classical Variation, Giuoco Pianissimo",35,0.42493,0.080813,0.346306,0.017855,2.002004
300,"Italian Game: Giuoco Pianissimo, Normal",27,0.464934,0.062659,0.349352,0.016064,2.087826
300,Italian Game: Giuoco Piano,22,0.375897,0.072241,0.369313,0.020547,4.143699
300,"Italian Game: Two Knights Defense, Knight Attack, Normal Variation",25,0.508828,0.173596,0.444001,0.080385,6.157577
300,"Italian Game: Two Knights Defense, Modern Bishop's Opening",31,0.468267,0.086877,0.299176,0.015923,2.003532
300,"Italian Game: Two Knights Defense, Traxler Counterattack, Bishop Sacrifice Line",22,0.305487,0.12543,0.323835,0.020155,9.509158
300,"Italian Game: Two Knights Defense, Traxler Counterattack, Knight Sacrifice Line",22,0.305487,0.12543,0.372124,0.029836,9.509158
300,King's Indian Defense,10,0.422879,0.050978,0.405792,0.040393,2.587003
300,King's Indian Defense: Fianchetto Variation,22,0.543434,0.098055,0.441064,0.108347,2.264104
300,"King's Indian Defense: Fianchetto Variation, Delayed Fianchetto",16,0.427778,0.078453,0.291299,0.054513,3.040666
300,King's Indian Defense: Four Pawns Attack,9,0.429125,0.04868,0.459675,0.05215,2.75551
300,King's Indian Defense: Normal Variation,10,0.430657,0.068525,0.400227,0.041976,2.605235
300,"King's Indian Defense: Normal Variation, King's Knight Variation",18,0.523457,0.08337,0.414267,0.048594,2.600314
300,"King's Indian Defense: Normal Variation, Rare Defenses",24,0.539162,0.089426,0.43958,0.049356,2.801485
300,King's Indian Defense: Smyslov Variation,21,0.380207,0.090573,0.407008,0.054143,5.775087
300,London System,29,0.400656,0.135261,0.341028,0.051066,6.768937
300,"London System, with Bd3",13,0.381358,0.123746,0.399965,0.07114,6.201241
300,"London System, with Be2",13,0.393845,0.115093,0.383035,0.07741,3.754748
300,Neo-Grünfeld Defense: with Nf3,24,0.400989,0.108857,0.320509,0.051207,4.567656
300,Nimzo-Indian Defense,21,0.37707,0.078505,0.272688,0.013207,3.503797
300,Nimzo-Indian Defense: Classical Variation,10,0.384545,0.058926,0.336314,0.019322,4.32327
300,"Nimzo-Indian Defense: Classical Variation, Berlin Variation",10,0.284545,0.055383,0.339277,0.020024,4.634209
300,Nimzo-Indian Defense: Three Knights Variation,30,0.312434,0.130282,0.326212,0.067083,7.912448
300,Petrov's Defense: Italian Variation,20,0.180055,0.068335,0.314097,0.012347,9.85384
300,Philidor Defense,51,0.249985,0.081403,0.3688,0.063277,8.217718
300,Philidor Defense: Exchange Variation,20,0.393757,0.126953,0.372259,0.040539,6.049855
300,Queen's Gambit Accepted,33,0.328053,0.11475,0.340622,0.036558,6.768287
300,Queen's Gambit Accepted: Old Variation,34,0.387183,0.139777,0.377624,0.054529,6.47753
300,Queen's Gambit Declined,38,0.380532,0.123593,0.336386,0.029532,6.334712
300,Queen's Gambit Declined: Harrwitz Attack,34,0.522816,0.092431,0.334187,0.015322,1.310394
300,Queen's Gambit Declined: Modern Variation,19,0.348884,0.08075,0.329033,0.019593,5.481036
300,Queen's Gambit Declined: Ragozin Defense,39,0.477234,0.103444,0.329671,0.017334,3.425749
300,Queen's Gambit Declined: Three Knights Variation,34,0.581373,0.075472,0.359526,0.014769,1.147999
300,"Queen's Gambit Declined: Three Knights, Vienna Variation",9,0.281313,0.102468,0.303791,0.005946,8.649562
300,"Queen's Gambit Declined: Vienna Variation, Quiet Variation",14,0.401876,0.137259,0.263161,0.008344,6.958878
300,Queen's Pawn Game: Accelerated London System,98,0.30117,0.100775,0.320097,0.018738,7.70682
300,Queen's Pawn Game: London System,35,0.284946,0.094523,0.323223,0.028665,8.389678
300,"Ruy Lopez: Berlin Defense, Improved Steinitz Defense",10,0.384394,0.076507,0.373112,0.028875,4.363816
300,Ruy Lopez: Exchange Variation,9,0.414759,0.067557,0.467343,0.036089,2.833907
300,"Ruy Lopez: Exchange Variation, Lutikov Variation",10,0.399545,0.067374,0.401795,0.027337,2.69586
300,"Ruy Lopez: Exchange Variation, Normal Variation",9,0.498092,0.053987,0.473418,0.034082,0.819129
300,Ruy Lopez: Morphy Defense,9,0.61229,0.081419,0.497945,0.022661,0.620045
300,"Ruy Lopez: Morphy Defense, Anderssen Variation",9,0.501178,0.094027,0.453968,0.026772,2.666787
300,"Ruy Lopez: Morphy Defense, Caro Variation",10,0.451061,0.10723,0.460445,0.07087,4.242176
300,Ruy Lopez: Steinitz Defense,17,0.399934,0.101418,0.371974,0.05218,4.964937
300,Semi-Slav Defense,14,0.434199,0.1155,0.367238,0.0222,3.401237
300,Semi-Slav Defense: Accelerated Move Order,17,0.305992,0.097246,0.33232,0.02061,7.090572
300,Semi-Slav Defense: Main Line,17,0.573262,0.124362,0.323265,0.020431,2.676298
300,Sicilian Defense,10,0.47,0.135902,0.479263,0.074454,4.291424
300,Sicilian Defense: Chekhover Variation,13,0.429915,0.120026,0.409734,0.052242,4.842829
300,Sicilian Defense: Closed,66,0.37809,0.141279,0.361892,0.055075,7.149599
300,"Sicilian Defense: Closed, Traditional",34,0.422286,0.157381,0.3396,0.063751,6.884715
300,Sicilian Defense: Franco-Sicilian Variation,20,0.305625,0.099062,0.384879,0.075675,6.331533
300,Sicilian Defense: Grand Prix Attack,35,0.383929,0.120781,0.377194,0.063665,5.39906
300,Sicilian Defense: Löwenthal Variation,10,0.465556,0.116025,0.501852,0.056042,2.698677
300,Sicilian Defense: Modern Variations,35,0.252838,0.088954,0.311342,0.025573,8.946369
300,"Sicilian Defense: Modern Variations, Anti-Qxd4 Move Order",17,0.367974,0.144254,0.38408,0.073125,7.016285
300,"Sicilian Defense: Modern Variations, Anti-Qxd4 Move Order Accepted",10,0.336667,0.102717,0.391511,0.061378,6.189454
300,"Sicilian Defense: Modern Variations, Main Line",10,0.592222,0.145581,0.567433,0.085864,2.424225
300,Sicilian Defense: Old Sicilian,35,0.361636,0.121408,0.32401,0.04858,5.494529
300,Sicilian Defense: Open,17,0.490137,0.156764,0.45994,0.088346,4.826361
300,Sicilian Defense: Taimanov Variation,9,0.623136,0.106817,0.45596,0.071935,0.687645
400,Bishop's Opening,35,0.250427,0.092368,0.352661,0.054265,8.509392
400,Bishop's Opening: Berlin Defense,28,0.326696,0.06439,0.308934,0.012975,5.335483
400,Bogo-Indian Defense: Exchange Variation,18,0.461055,0.086817,0.347724,0.024347,4.538494
400,Bogo-Indian Defense: Nimzowitsch Variation,18,0.435129,0.099887,0.301482,0.012573,4.656647
400,Catalan Opening: Closed,24,0.569949,0.088672,0.379432,0.059839,0.718827
400,Grünfeld Defense,10,0.424638,0.044656,0.346147,0.059713,0.995406
400,Grünfeld Defense: Exchange Variation,10,0.457971,0.066569,0.436404,0.082957,2.527365
400,Grünfeld Defense: Three Knights Variation,30,0.482929,0.1329,0.330739,0.060153,5.289703
400,"Grünfeld Defense: Three Knights Variation, Petrosian System",21,0.478259,0.087361,0.377614,0.068151,2.457952
400,Indian Defense: Anti-Nimzo-Indian,22,0.449495,0.106957,0.274575,0.03745,3.955193
400,Indian Defense: London System,35,0.333783,0.111957,0.350224,0.05641,6.894455
400,Italian Game: Classical Variation,18,0.32382,0.086852,0.364866,0.031454,5.836163
400,"Italian Game: Classical Variation, Albin Gambit",16,0.392373,0.093426,0.380332,0.028566,5.228655
400,"Italian Game: Classical Variation, Center Attack",16,0.436583,0.103272,0.428088,0.023157,4.08027
400,"Italian Game: Classical Variation, Giuoco Pianissimo",35,0.431186,0.086276,0.346306,0.017855,2.428785
400,"Italian Game: Giuoco Pianissimo, Normal",27,0.468594,0.065376,0.349352,0.016064,2.090735
400,Italian Game: Giuoco Piano,22,0.39953,0.080072,0.369313,0.020547,4.780101
400,"Italian Game: Two Knights Defense, Knight Attack, Normal Variation",25,0.519251,0.174362,0.444001,0.080385,6.139151
400,"Italian Game: Two Knights Defense, Modern Bishop's Opening",31,0.466404,0.097101,0.299176,0.015923,2.541109
400,"Italian Game: Two Knights Defense, Traxler Counterattack, Bishop Sacrifice Line",22,0.31733,0.131101,0.323835,0.020155,9.488219
400,"Italian Game: Two Knights Defense, Traxler Counterattack, Knight Sacrifice Line",22,0.31733,0.131101,0.372124,0.029836,9.488219
400,King's Indian Defense,10,0.43484,0.05262,0.405792,0.040393,2.560215
400,King's Indian Defense: Fianchetto Variation,22,0.552227,0.119322,0.441064,0.108347,3.029849
400,"King's Indian Defense: Fianchetto Variation, Delayed Fianchetto",16,0.439867,0.082799,0.291299,0.054513,3.026657
400,King's Indian Defense: Four Pawns Attack,9,0.442414,0.050321,0.459675,0.05215,2.725746
400,King's Indian Defense: Normal Variation,10,0.442617,0.069981,0.400227,0.041976,2.578448
400,"King's Indian Defense: Normal Variation, King's Knight Variation",18,0.533081,0.085266,0.414267,0.048594,2.59013
400,"King's Indian Defense: Normal Variation, Rare Defenses",24,0.538342,0.089067,0.43958,0.049356,2.807254
400,King's Indian Defense: Smyslov Variation,21,0.383165,0.093365,0.407008,0.054143,5.776984
400,London System,29,0.406494,0.139996,0.341028,0.051066,6.766908
400,"London System, with Bd3",13,0.381287,0.112841,0.399965,0.07114,5.001407
400,"London System, with Be2",13,0.395273,0.103252,0.383035,0.07741,2.536363
400,Neo-Grünfeld Defense: with Nf3,24,0.400374,0.096042,0.320509,0.051207,3.856687
400,Nimzo-Indian Defense,21,0.39112,0.070763,0.272688,0.013207,3.417521
400,Nimzo-Indian Defense: Classical Variation,10,0.411961,0.068239,0.336314,0.019322,4.271535
400,"Nimzo-Indian Defense: Classical Variation, Berlin Variation",10,0.291961,0.062092,0.339277,0.020024,4.648142
400,Nimzo-Indian Defense: Three Knights Variation,30,0.32742,0.124578,0.326212,0.067083,7.310247
400,Petrov's Defense: Italian Variation,20,0.192786,0.072758,0.314097,0.012347,9.815146
400,Philidor Defense,51,0.261796,0.096878,0.3688,0.063277,7.939338
400,Philidor Defense: Exchange Variation,20,0.410205,0.128244,0.372259,0.040539,5.231584
400,Queen's Gambit Accepted,33,0.315985,0.118975,0.340622,0.036558,7.2892
400,Queen's Gambit Accepted: Old Variation,34,0.37454,0.137758,0.377624,0.054529,6.072187
400,Queen's Gambit Declined,38,0.39104,0.123008,0.336386,0.029532,5.881307
400,Queen's Gambit Declined: Harrwitz Attack,34,0.524584,0.085105,0.334187,0.015322,1.283187
400,Queen's Gambit Declined: Modern Variation,19,0.355764,0.083758,0.329033,0.019593,5.468432
400,Queen's Gambit Declined: Ragozin Defense,39,0.476382,0.098089,0.329671,0.017334,3.021277
400,Queen's Gambit Declined: Three Knights Variation,34,0.550431,0.078071,0.359526,0.014769,1.21703
400,"Queen's Gambit Declined: Three Knights, Vienna Variation",9,0.283502,0.10953,0.303791,0.005946,8.650484
400,"Queen's Gambit Declined: Vienna Variation, Quiet Variation",14,0.390265,0.134164,0.263161,0.008344,6.980941
400,Queen's Pawn Game: Accelerated London System,98,0.302623,0.097939,0.320097,0.018738,8.014913
400,Queen's Pawn Game: London System,35,0.282302,0.086513,0.323223,0.028665,7.926143
400,"Ruy Lopez: Berlin Defense, Improved Steinitz Defense",10,0.41859,0.078896,0.373112,0.028875,4.274297
400,Ruy Lopez: Exchange Variation,9,0.434909,0.07111,0.467343,0.036089,2.793213
400,"Ruy Lopez: Exchange Variation, Lutikov Variation",10,0.417681,0.071159,0.401795,0.027337,2.659235
400,"Ruy Lopez: Exchange Variation, Normal Variation",9,0.533674,0.063239,0.473418,0.034082,0.759558
400,Ruy Lopez: Morphy Defense,9,0.63244,0.077011,0.497945,0.022661,0.579351
400,"Ruy Lopez: Morphy Defense, Anderssen Variation",9,0.521329,0.094096,0.453968,0.026772,2.626093
400,"Ruy Lopez: Morphy Defense, Caro Variation",10,0.469196,0.109147,0.460445,0.07087,4.205552
400,Ruy Lopez: Steinitz Defense,17,0.418957,0.113492,0.371974,0.05218,5.853721
400,Semi-Slav Defense,14,0.434199,0.1155,0.367238,0.0222,3.401237
400,Semi-Slav Defense: Accelerated Move Order,17,0.321212,0.094239,0.33232,0.02061,6.098353
400,Semi-Slav Defense: Main Line,17,0.573262,0.124362,0.323265,0.020431,2.676298
400,Sicilian Defense,10,0.482222,0.16277,0.479263,0.074454,5.878102
400,Sicilian Defense: Chekhover Variation,13,0.422222,0.125812,0.409734,0.052242,6.082683
400,Sicilian Defense: Closed,66,0.373217,0.138194,0.361892,0.055075,7.160603
400,"Sicilian Defense: Closed, Traditional",34,0.426352,0.153817,0.3396,0.063751,6.870413
400,Sicilian Defense: Franco-Sicilian Variation,20,0.29113,0.08883,0.384879,0.075675,7.137424
400,Sicilian Defense: Grand Prix Attack,35,0.377047,0.120937,0.377194,0.063665,6.317312
400,Sicilian Defense: Löwenthal Variation,10,0.442063,0.11718,0.501852,0.056042,4.329538
400,Sicilian Defense: Modern Variations,35,0.251823,0.086067,0.311342,0.025573,8.942309
400,"Sicilian Defense: Modern Variations, Anti-Qxd4 Move Order",17,0.371895,0.138346,0.38408,0.073125,7.914305
400,"Sicilian Defense: Modern Variations, Anti-Qxd4 Move Order Accepted",10,0.304444,0.10756,0.391511,0.061378,7.870578
400,"Sicilian Defense: Modern Variations, Main Line",10,0.582222,0.156326,0.567433,0.085864,4.036034
400,Sicilian Defense: Old Sicilian,35,0.359091,0.124706,0.32401,0.04858,5.963586
400,Sicilian Defense: Open,17,0.479107,0.144252,0.45994,0.088346,4.813469
400,Sicilian Defense: Taimanov Variation,9,0.630864,0.115934,0.45596,0.071935,2.431686
500,Bishop's Opening,35,0.239315,0.09491,0.352661,0.054265,7.666014
500,Bishop's Opening: Berlin Defense,28,0.340517,0.071074,0.308934,0.012975,5.289286
500,Bogo-Indian Defense: Exchange Variation,18,0.464324,0.090218,0.347724,0.024347,4.537287
500,Bogo-Indian Defense: Nimzowitsch Variation,18,0.451361,0.10155,0.301482,0.012573,4.601693
500,Catalan Opening: Closed,24,0.559959,0.090395,0.379432,0.059839,0.742989
500,Grünfeld Defense,10,0.41351,0.048279,0.346147,0.059713,1.037586
500,Grünfeld Defense: Exchange Variation,10,0.469066,0.072803,0.436404,0.082957,2.513584
500,Grünfeld Defense: Three Knights Variation,30,0.482466,0.134177,0.330739,0.060153,5.292757
500,"Grünfeld Defense: Three Knights Variation, Petrosian System",21,0.472306,0.086563,0.377614,0.068151,2.469655
500,Indian Defense: Anti-Nimzo-Indian,22,0.424081,0.114421,0.274575,0.03745,4.085064
500,Indian Defense: London System,35,0.333991,0.11133,0.350224,0.05641,6.884624
500,Italian Game: Classical Variation,18,0.296591,0.073083,0.364866,0.031454,5.032082
500,"Italian Game: Classical Variation, Albin Gambit",16,0.356708,0.090984,0.380332,0.028566,5.336998
500,"Italian Game: Classical Variation, Center Attack",16,0.406518,0.104667,0.428088,0.023157,4.189902
500,"Italian Game: Classical Variation, Giuoco Pianissimo",35,0.421911,0.093021,0.346306,0.017855,2.499973
500,"Italian Game: Giuoco Pianissimo, Normal",27,0.483173,0.068301,0.349352,0.016064,2.061395
500,Italian Game: Giuoco Piano,22,0.376458,0.077458,0.369313,0.020547,4.851993
500,"Italian Game: Two Knights Defense, Knight Attack, Normal Variation",25,0.514273,0.181471,0.444001,0.080385,6.164419
500,"Italian Game: Two Knights Defense, Modern Bishop's Opening",31,0.467974,0.109558,0.299176,0.015923,3.07093
500,"Italian Game: Two Knights Defense, Traxler Counterattack, Bishop Sacrifice Line",22,0.311674,0.13689,0.323835,0.020155,9.516932
500,"Italian Game: Two Knights Defense, Traxler Counterattack, Knight Sacrifice Line",22,0.311674,0.13689,0.372124,0.029836,9.516932
500,King's Indian Defense,10,0.434823,0.053104,0.405792,0.040393,2.561849
500,King's Indian Defense: Fianchetto Variation,22,0.541035,0.109056,0.441064,0.108347,2.308485
500,"King's Indian Defense: Fianchetto Variation, Delayed Fianchetto",16,0.424479,0.084064,0.291299,0.054513,3.065729
500,King's Indian Defense: Four Pawns Attack,9,0.43252,0.049624,0.459675,0.05215,2.747819
500,King's Indian Defense: Normal Variation,10,0.433712,0.069366,0.400227,0.041976,2.598313
500,"King's Indian Defense: Normal Variation, King's Knight Variation",18,0.537809,0.087911,0.414267,0.048594,2.586352
500,"King's Indian Defense: Normal Variation, Rare Defenses",24,0.548201,0.090876,0.43958,0.049356,2.79183
500,King's Indian Defense: Smyslov Variation,21,0.394625,0.098137,0.407008,0.054143,5.758102
500,London System,29,0.389037,0.126289,0.341028,0.051066,6.803282
500,"London System, with Bd3",13,0.383003,0.10665,0.399965,0.07114,4.981726
500,"London System, with Be2",13,0.383003,0.10665,0.383035,0.07741,4.981726
500,Neo-Grünfeld Defense: with Nf3,24,0.401505,0.120884,0.320509,0.051207,5.894807
500,Nimzo-Indian Defense,21,0.389498,0.069842,0.272688,0.013207,3.415082
500,Nimzo-Indian Defense: Classical Variation,10,0.395833,0.063011,0.336314,0.019322,4.301937
500,"Nimzo-Indian Defense: Classical Variation, Berlin Variation",10,0.29053,0.060032,0.339277,0.020024,4.628292
500,Nimzo-Indian Defense: Three Knights Variation,30,0.326353,0.127078,0.326212,0.067083,7.839595
500,Petrov's Defense: Italian Variation,20,0.189512,0.07682,0.314097,0.012347,9.829899
500,Philidor Defense,51,0.259783,0.088812,0.3688,0.063277,7.613152
500,Philidor Defense: Exchange Variation,20,0.400038,0.130939,0.372259,0.040539,6.034153
500,Queen's Gambit Accepted,33,0.321904,0.127269,0.340622,0.036558,7.308298
500,Queen's Gambit Accepted: Old Variation,34,0.377168,0.139867,0.377624,0.054529,6.53355
500,Queen's Gambit Declined,38,0.386759,0.121196,0.336386,0.029532,5.895375
500,Queen's Gambit Declined: Harrwitz Attack,34,0.524057,0.085879,0.334187,0.015322,1.286946
500,Queen's Gambit Declined: Modern Variation,19,0.343425,0.081481,0.329033,0.019593,5.49821
500,Queen's Gambit Declined: Ragozin Defense,39,0.472086,0.100089,0.329671,0.017334,3.429318
500,Queen's Gambit Declined: Three Knights Variation,34,0.562292,0.075685,0.359526,0.014769,1.185841
500,"Queen's Gambit Declined: Three Knights, Vienna Variation",9,0.268378,0.092404,0.303791,0.005946,8.670742
500,"Queen's Gambit Declined: Vienna Variation, Quiet Variation",14,0.401764,0.142163,0.263161,0.008344,6.965123
500,Queen's Pawn Game: Accelerated London System,98,0.297454,0.095776,0.320097,0.018738,7.868204
500,Queen's Pawn Game: London System,35,0.285925,0.095694,0.323223,0.028665,7.933641
500,"Ruy Lopez: Berlin Defense, Improved Steinitz Defense",10,0.360072,0.070168,0.373112,0.028875,4.417133
500,Ruy Lopez: Exchange Variation,9,0.404742,0.071527,0.467343,0.036089,2.870545
500,"Ruy Lopez: Exchange Variation, Lutikov Variation",10,0.377943,0.061342,0.401795,0.027337,2.74554
500,"Ruy Lopez: Exchange Variation, Normal Variation",9,0.488075,0.059626,0.473418,0.034082,0.855768
500,Ruy Lopez: Morphy Defense,9,0.602273,0.089346,0.497945,0.022661,0.656683
500,"Ruy Lopez: Morphy Defense, Anderssen Variation",9,0.491162,0.099728,0.453968,0.026772,2.703426
500,"Ruy Lopez: Morphy Defense, Caro Variation",10,0.442045,0.111466,0.460445,0.07087,4.275151
500,Ruy Lopez: Steinitz Defense,17,0.388643,0.113341,0.371974,0.05218,5.933305
500,Semi-Slav Defense,14,0.446122,0.104316,0.367238,0.0222,3.326064
500,Semi-Slav Defense: Accelerated Move Order,17,0.3138,0.096506,0.33232,0.02061,6.140276
500,Semi-Slav Defense: Main Line,17,0.550401,0.115351,0.323265,0.020431,2.705267
500,Sicilian Defense,10,0.45548,0.126242,0.479263,0.074454,4.319187
500,Sicilian Defense: Chekhover Variation,13,0.418745,0.113636,0.409734,0.052242,4.86915
500,Sicilian Defense: Closed,66,0.377022,0.14075,0.361892,0.055075,6.91339
500,"Sicilian Defense: Closed, Traditional",34,0.423482,0.153582,0.3396,0.063751,6.421841
500,Sicilian Defense: Franco-Sicilian Variation,20,0.297386,0.101307,0.384879,0.075675,7.137853
500,Sicilian Defense: Grand Prix Attack,35,0.382014,0.115722,0.377194,0.063665,4.936592
500,Sicilian Defense: Löwenthal Variation,10,0.425884,0.087546,0.501852,0.056042,2.715667
500,Sicilian Defense: Modern Variations,35,0.245399,0.084903,0.311342,0.025573,8.968982
500,"Sicilian Defense: Modern Variations, Anti-Qxd4 Move Order",17,0.382308,0.121205,0.38408,0.073125,5.085084
500,"Sicilian Defense: Modern Variations, Anti-Qxd4 Move Order Accepted",10,0.339924,0.095884,0.391511,0.061378,4.593629
500,"Sicilian Defense: Modern Variations, Main Line",10,0.577702,0.13947,0.567433,0.085864,2.451988
500,Sicilian Defense: Old Sicilian,35,0.363874,0.108466,0.32401,0.04858,5.013839
500,Sicilian Defense: Open,17,0.482635,0.126071,0.45994,0.088346,2.953461
500,Sicilian Defense: Taimanov Variation,9,0.610145,0.110064,0.45596,0.071935,0.726781
600,Bishop's Opening,35,0.253155,0.104615,0.352661,0.054265,8.97624
600,Bishop's Opening: Berlin Defense,28,0.328949,0.066461,0.308934,0.012975,5.880347
600,Bogo-Indian Defense: Exchange Variation,18,0.469473,0.099578,0.347724,0.024347,4.542727
600,Bogo-Indian Defense: Nimzowitsch Variation,18,0.438211,0.106271,0.301482,0.012573,4.662066
600,Catalan Opening: Closed,24,0.551335,0.090735,0.379432,0.059839,0.767507
600,Grünfeld Defense,10,0.405859,0.022071,0.346147,0.059713,0.968717
600,Grünfeld Defense: Exchange Variation,10,0.461414,0.073889,0.436404,0.082957,2.535101
600,Grünfeld Defense: Three Knights Variation,30,0.488249,0.137947,0.330739,0.060153,5.287775
600,"Grünfeld Defense: Three Knights Variation, Petrosian System",21,0.480568,0.092095,0.377614,0.068151,2.462538
600,Indian Defense: Anti-Nimzo-Indian,22,0.424597,0.114157,0.274575,0.03745,4.060791
600,Indian Defense: London System,35,0.31649,0.108828,0.350224,0.05641,7.385366
600,Italian Game: Classical Variation,18,0.313159,0.080272,0.364866,0.031454,4.980065
600,"Italian Game: Classical Variation, Albin Gambit",16,0.357797,0.098042,0.380332,0.028566,7.29376
600,"Italian Game: Classical Variation, Center Attack",16,0.402304,0.100389,0.428088,0.023157,5.167525
600,"Italian Game: Classical Variation, Giuoco Pianissimo",35,0.407701,0.088803,0.346306,0.017855,2.96023
600,"Italian Game: Giuoco Pianissimo, Normal",27,0.465898,0.067807,0.349352,0.016064,2.092738
600,Italian Game: Giuoco Piano,22,0.384963,0.081099,0.369313,0.020547,5.540234
600,"Italian Game: Two Knights Defense, Knight Attack, Normal Variation",25,0.512099,0.179324,0.444001,0.080385,6.157473
600,"Italian Game: Two Knights Defense, Modern Bishop's Opening",31,0.465148,0.08823,0.299176,0.015923,2.006804
600,"Italian Game: Two Knights Defense, Traxler Counterattack, Bishop Sacrifice Line",22,0.309204,0.13345,0.323835,0.020155,9.50904
600,"Italian Game: Two Knights Defense, Traxler Counterattack, Knight Sacrifice Line",22,0.309204,0.13345,0.372124,0.029836,9.50904
600,King's Indian Defense,10,0.429192,0.053957,0.405792,0.040393,2.579284
600,King's Indian Defense: Fianchetto Variation,22,0.532369,0.09108,0.441064,0.108347,2.295775
600,"King's Indian Defense: Fianchetto Variation, Delayed Fianchetto",16,0.443813,0.08899,0.291299,0.054513,3.028014
600,King's Indian Defense: Four Pawns Attack,9,0.413917,0.048565,0.459675,0.05215,2.791985
600,King's Indian Defense: Normal Variation,10,0.41697,0.068484,0.400227,0.041976,2.638063
600,"King's Indian Defense: Normal Variation, King's Knight Variation",18,0.542031,0.085087,0.414267,0.048594,2.574651
600,"King's Indian Defense: Normal Variation, Rare Defenses",24,0.539226,0.090618,0.43958,0.049356,2.810601
600,King's Indian Defense: Smyslov Variation,21,0.391053,0.10066,0.407008,0.054143,5.771535
600,London System,29,0.399014,0.132261,0.341028,0.051066,6.782487
600,"London System, with Bd3",13,0.381298,0.103865,0.399965,0.07114,4.97507
600,"London System, with Be2",13,0.381298,0.103865,0.383035,0.07741,4.97507
600,Neo-Grünfeld Defense: with Nf3,24,0.425358,0.143538,0.320509,0.051207,6.525764
600,Nimzo-Indian Defense,21,0.383959,0.070728,0.272688,0.013207,3.450812
600,Nimzo-Indian Defense: Classical Variation,10,0.391515,0.059507,0.336314,0.019322,4.305607
600,"Nimzo-Indian Defense: Classical Variation, Berlin Variation",10,0.300606,0.056725,0.339277,0.020024,4.577242
600,Nimzo-Indian Defense: Three Knights Variation,30,0.321801,0.127043,0.326212,0.067083,7.866104
600,Petrov's Defense: Italian Variation,20,0.182913,0.067891,0.314097,0.012347,9.839006
600,Philidor Defense,51,0.249845,0.090297,0.3688,0.063277,8.858885
600,Philidor Defense: Exchange Variation,20,0.400934,0.130614,0.372259,0.040539,6.029599
600,Queen's Gambit Accepted,33,0.32862,0.128206,0.340622,0.036558,7.739939
600,Queen's Gambit Accepted: Old Variation,34,0.375059,0.132344,0.377624,0.054529,6.047544
600,Queen's Gambit Declined,38,0.38118,0.124548,0.336386,0.029532,6.340362
600,Queen's Gambit Declined: Harrwitz Attack,34,0.514712,0.087049,0.334187,0.015322,1.315163
600,Queen's Gambit Declined: Modern Variation,19,0.338065,0.072711,0.329033,0.019593,5.498108
600,Queen's Gambit Declined: Ragozin Defense,39,0.472869,0.095212,0.329671,0.017334,2.629626
600,Queen's Gambit Declined: Three Knights Variation,34,0.556216,0.073408,0.359526,0.014769,1.194741
600,"Queen's Gambit Declined: Three Knights, Vienna Variation",9,0.290236,0.1124,0.303791,0.005946,8.635648
600,"Queen's Gambit Declined: Vienna Variation, Quiet Variation",14,0.41241,0.145004,0.263161,0.008344,6.944843
600,Queen's Pawn Game: Accelerated London System,98,0.309886,0.110148,0.320097,0.018738,8.336592
600,Queen's Pawn Game: London System,35,0.300024,0.113917,0.323223,0.028665,8.83389
600,"Ruy Lopez: Berlin Defense, Improved Steinitz Defense",10,0.379794,0.076807,0.373112,0.028875,4.376212
600,Ruy Lopez: Exchange Variation,9,0.420426,0.07425,0.467343,0.036089,2.832996
600,"Ruy Lopez: Exchange Variation, Lutikov Variation",10,0.386465,0.061493,0.401795,0.027337,2.720171
600,"Ruy Lopez: Exchange Variation, Normal Variation",9,0.50376,0.059734,0.473418,0.034082,0.818218
600,Ruy Lopez: Morphy Defense,9,0.617957,0.085872,0.497945,0.022661,0.619134
600,"Ruy Lopez: Morphy Defense, Anderssen Variation",9,0.506846,0.099739,0.453968,0.026772,2.665876
600,"Ruy Lopez: Morphy Defense, Caro Variation",10,0.456162,0.112885,0.460445,0.07087,4.241357
600,Ruy Lopez: Steinitz Defense,17,0.397214,0.112036,0.371974,0.05218,5.90676
600,Semi-Slav Defense,14,0.443506,0.109553,0.367238,0.0222,2.24373
600,Semi-Slav Defense: Accelerated Move Order,17,0.318182,0.098248,0.33232,0.02061,6.136251
600,Semi-Slav Defense: Main Line,17,0.580927,0.117345,0.323265,0.020431,1.723056
600,Sicilian Defense,10,0.439091,0.111198,0.479263,0.074454,4.330966
600,Sicilian Defense: Chekhover Variation,13,0.414685,0.108415,0.409734,0.052242,4.864186
600,Sicilian Defense: Closed,66,0.372642,0.143314,0.361892,0.055075,6.707541
600,"Sicilian Defense: Closed, Traditional",34,0.423355,0.160983,0.3396,0.063751,6.90033
600,Sicilian Defense: Franco-Sicilian Variation,20,0.289192,0.098965,0.384879,0.075675,7.158913
600,Sicilian Defense: Grand Prix Attack,35,0.381348,0.117248,0.377194,0.063665,5.402086
600,Sicilian Defense: Löwenthal Variation,10,0.45798,0.105525,0.501852,0.056042,2.674527
600,Sicilian Defense: Modern Variations,35,0.2643,0.10565,0.311342,0.025573,9.381772
600,"Sicilian Defense: Modern Variations, Anti-Qxd4 Move Order",17,0.381165,0.117865,0.38408,0.073125,5.080069
600,"Sicilian Defense: Modern Variations, Anti-Qxd4 Move Order Accepted",10,0.332424,0.089987,0.391511,0.061378,4.605407
600,"Sicilian Defense: Modern Variations, Main Line",10,0.561313,0.128433,0.567433,0.085864,2.463766
600,Sicilian Defense: Old Sicilian,35,0.368452,0.130821,0.32401,0.04858,5.942609
600,Sicilian Defense: Open,17,0.491622,0.157632,0.45994,0.088346,4.830888
600,Sicilian Defense: Taimanov Variation,9,0.627738,0.112168,0.45596,0.071935,0.699352
700,Bishop's Opening,35,0.242455,0.103524,0.352661,0.054265,8.585758
700,Bishop's Opening: Berlin Defense,28,0.343415,0.076664,0.308934,0.012975,5.303997
700,Bogo-Indian Defense: Exchange Variation,18,0.472222,0.106293,0.347724,0.024347,4.554565
700,Bogo-Indian Defense: Nimzowitsch Variation,18,0.450898,0.110254,0.301482,0.012573,4.621682
700,Catalan Opening: Closed,24,0.568981,0.089225,0.379432,0.059839,0.722387
700,Grünfeld Defense,10,0.401616,0.056373,0.346147,0.059713,1.116465
700,Grünfeld Defense: Exchange Variation,10,0.434949,0.07835,0.436404,0.082957,2.639898
700,Grünfeld Defense: Three Knights Variation,30,0.483064,0.143197,0.330739,0.060153,5.327521
700,"Grünfeld Defense: Three Knights Variation, Petrosian System",21,0.473641,0.101852,0.377614,0.068151,2.525677
700,Indian Defense: Anti-Nimzo-Indian,22,0.444169,0.121578,0.274575,0.03745,4.01418
700,Indian Defense: London System,35,0.342266,0.104809,0.350224,0.05641,6.409104
700,Italian Game: Classical Variation,18,0.28671,0.072473,0.364866,0.031454,5.927543
700,"Italian Game: Classical Variation, Albin Gambit",16,0.34294,0.086168,0.380332,0.028566,6.341233
700,"Italian Game: Classical Variation, Center Attack",16,0.404493,0.107031,0.428088,0.023157,4.195872
700,"Italian Game: Classical Variation, Giuoco Pianissimo",35,0.40363,0.093572,0.346306,0.017855,2.543515
700,"Italian Game: Giuoco Pianissimo, Normal",27,0.449622,0.06863,0.349352,0.016064,2.144649
700,Italian Game: Giuoco Piano,22,0.372047,0.069982,0.369313,0.020547,4.843075
700,"Italian Game: Two Knights Defense, Knight Attack, Normal Variation",25,0.501,0.179152,0.444001,0.080385,6.191453
700,"Italian Game: Two Knights Defense, Modern Bishop's Opening",31,0.450962,0.09519,0.299176,0.015923,2.073372
700,"Italian Game: Two Knights Defense, Traxler Counterattack, Bishop Sacrifice Line",22,0.296591,0.128117,0.323835,0.020155,9.547653
700,"Italian Game: Two Knights Defense, Traxler Counterattack, Knight Sacrifice Line",22,0.296591,0.128117,0.372124,0.029836,9.547653
700,King's Indian Defense,10,0.406263,0.054635,0.405792,0.040393,2.673991
700,King's Indian Defense: Fianchetto Variation,22,0.536938,0.116577,0.441064,0.108347,2.366478
700,"King's Indian Defense: Fianchetto Variation, Delayed Fianchetto",16,0.457986,0.100642,0.291299,0.054513,3.038633
700,King's Indian Defense: Four Pawns Attack,9,0.399551,0.053122,0.459675,0.05215,2.876462
700,King's Indian Defense: Normal Variation,10,0.426263,0.076453,0.400227,0.041976,2.65813
700,"King's Indian Defense: Normal Variation, King's Knight Variation",18,0.541442,0.101081,0.414267,0.048594,2.632428
700,"King's Indian Defense: Normal Variation, Rare Defenses",24,0.539162,0.099674,0.43958,0.049356,2.849307
700,King's Indian Defense: Smyslov Variation,21,0.39608,0.114349,0.407008,0.054143,5.808701
700,London System,29,0.404315,0.13827,0.341028,0.051066,6.788007
700,"London System, with Bd3",13,0.379152,0.120585,0.399965,0.07114,6.26133
700,"London System, with Be2",13,0.396246,0.109229,0.383035,0.07741,3.765414
700,Neo-Grünfeld Defense: with Nf3,24,0.403872,0.124082,0.320509,0.051207,5.264438
700,Nimzo-Indian Defense,21,0.394375,0.077467,0.272688,0.013207,3.417665
700,Nimzo-Indian Defense: Classical Variation,10,0.422828,0.080975,0.336314,0.019322,4.26855
700,"Nimzo-Indian Defense: Classical Variation, Berlin Variation",10,0.307273,0.076602,0.339277,0.020024,4.624085
700,Nimzo-Indian Defense: Three Knights Variation,30,0.335465,0.129771,0.326212,0.067083,6.780792
700,Petrov's Defense: Italian Variation,20,0.17713,0.074245,0.314097,0.012347,10.649351
700,Philidor Defense,51,0.257965,0.100936,0.3688,0.063277,9.162682
700,Philidor Defense: Exchange Variation,20,0.385153,0.131792,0.372259,0.040539,6.094372
700,Queen's Gambit Accepted,33,0.329966,0.135738,0.340622,0.036558,7.762708
700,Queen's Gambit Accepted: Old Variation,34,0.378268,0.13824,0.377624,0.054529,6.508191
700,Queen's Gambit Declined,38,0.393115,0.12278,0.336386,0.029532,6.294268
700,Queen's Gambit Declined: Harrwitz Attack,34,0.530838,0.087246,0.334187,0.015322,1.274383
700,Queen's Gambit Declined: Modern Variation,19,0.367517,0.087303,0.329033,0.019593,5.435378
700,Queen's Gambit Declined: Ragozin Defense,39,0.478409,0.102105,0.329671,0.017334,3.418525
700,Queen's Gambit Declined: Three Knights Variation,34,0.56025,0.074763,0.359526,0.014769,1.183174
700,"Queen's Gambit Declined: Three Knights, Vienna Variation",9,0.293827,0.115613,0.303791,0.005946,8.629304
700,"Queen's Gambit Declined: Vienna Variation, Quiet Variation",14,0.4,0.136243,0.263161,0.008344,6.959596
700,Queen's Pawn Game: Accelerated London System,98,0.30708,0.10743,0.320097,0.018738,8.341864
700,Queen's Pawn Game: London System,35,0.303243,0.107347,0.323223,0.028665,7.897793
700,"Ruy Lopez: Berlin Defense, Improved Steinitz Defense",10,0.347842,0.060489,0.373112,0.028875,4.438051
700,Ruy Lopez: Exchange Variation,9,0.386215,0.068441,0.467343,0.036089,2.922622
700,"Ruy Lopez: Exchange Variation, Lutikov Variation",10,0.35123,0.052976,0.401795,0.027337,2.814188
700,"Ruy Lopez: Exchange Variation, Normal Variation",9,0.469548,0.059627,0.473418,0.034082,0.907845
700,Ruy Lopez: Morphy Defense,9,0.586215,0.091732,0.497945,0.022661,0.697053
700,"Ruy Lopez: Morphy Defense, Anderssen Variation",9,0.475104,0.098546,0.453968,0.026772,2.743796
700,"Ruy Lopez: Morphy Defense, Caro Variation",10,0.427594,0.109006,0.460445,0.07087,4.311484
700,Ruy Lopez: Steinitz Defense,17,0.3906,0.111949,0.371974,0.05218,5.92638
700,Semi-Slav Defense,14,0.446753,0.104076,0.367238,0.0222,3.334477
700,Semi-Slav Defense: Accelerated Move Order,17,0.326411,0.112212,0.33232,0.02061,7.066461
700,Semi-Slav Defense: Main Line,17,0.577065,0.113151,0.323265,0.020431,2.6423
700,Sicilian Defense,10,0.44366,0.125931,0.479263,0.074454,4.374497
700,Sicilian Defense: Chekhover Variation,13,0.395667,0.096689,0.409734,0.052242,4.922168
700,Sicilian Defense: Closed,66,0.379028,0.158165,0.361892,0.055075,7.438831
700,"Sicilian Defense: Closed, Traditional",34,0.420744,0.148551,0.3396,0.063751,5.958633
700,Sicilian Defense: Franco-Sicilian Variation,20,0.302428,0.120647,0.384879,0.075675,7.173017
700,Sicilian Defense: Grand Prix Attack,35,0.384047,0.114074,0.377194,0.063665,4.484123
700,Sicilian Defense: Löwenthal Variation,10,0.422549,0.107519,0.501852,0.056042,2.817286
700,Sicilian Defense: Modern Variations,35,0.24601,0.086522,0.311342,0.025573,9.41071
700,"Sicilian Defense: Modern Variations, Anti-Qxd4 Move Order",17,0.375356,0.129762,0.38408,0.073125,6.05453
700,"Sicilian Defense: Modern Variations, Anti-Qxd4 Move Order Accepted",10,0.338105,0.095179,0.391511,0.061378,4.626625
700,"Sicilian Defense: Modern Variations, Main Line",10,0.565882,0.142049,0.567433,0.085864,2.507298
700,Sicilian Defense: Old Sicilian,35,0.364682,0.130743,0.32401,0.04858,6.407629
700,Sicilian Defense: Open,17,0.477376,0.133799,0.45994,0.088346,3.004467
700,Sicilian Defense: Taimanov Variation,9,0.616188,0.112695,0.45596,0.071935,0.746352
800,Bishop's Opening,35,0.243055,0.093198,0.352661,0.054265,8.096635
800,Bishop's Opening: Berlin Defense,28,0.32644,0.066159,0.308934,0.012975,5.32851
800,Bogo-Indian Defense: Exchange Variation,18,0.479237,0.104411,0.347724,0.024347,4.527975
800,Bogo-Indian Defense: Nimzowitsch Variation,18,0.451459,0.113288,0.301482,0.012573,4.639224
800,Catalan Opening: Closed,24,0.539449,0.091285,0.379432,0.059839,0.808148
800,Grünfeld Defense,10,0.427121,0.046419,0.346147,0.059713,0.999112
800,Grünfeld Defense: Exchange Variation,10,0.460455,0.066695,0.436404,0.082957,2.522545
800,Grünfeld Defense: Three Knights Variation,30,0.474646,0.129521,0.330739,0.060153,5.300479
800,"Grünfeld Defense: Three Knights Variation, Petrosian System",21,0.469072,0.084933,0.377614,0.068151,2.473347
800,Indian Defense: Anti-Nimzo-Indian,22,0.426658,0.122927,0.274575,0.03745,4.082802
800,Indian Defense: London System,35,0.337951,0.109163,0.350224,0.05641,7.317851
800,Italian Game: Classical Variation,18,0.29149,0.100318,0.364866,0.031454,6.864774
800,"Italian Game: Classical Variation, Albin Gambit",16,0.352927,0.103579,0.380332,0.028566,7.324061
800,"Italian Game: Classical Variation, Center Attack",16,0.402927,0.115787,0.428088,0.023157,5.194763
800,"Italian Game: Classical Variation, Giuoco Pianissimo",35,0.405757,0.106896,0.346306,0.017855,3.016408
800,"Italian Game: Giuoco Pianissimo, Normal",27,0.459314,0.081596,0.349352,0.016064,2.144932
800,Italian Game: Giuoco Piano,22,0.387415,0.094745,0.369313,0.020547,5.56767
800,"Italian Game: Two Knights Defense, Knight Attack, Normal Variation",25,0.513146,0.189611,0.444001,0.080385,6.179452
800,"Italian Game: Two Knights Defense, Modern Bishop's Opening",31,0.463875,0.121299,0.299176,0.015923,3.109544
800,"Italian Game: Two Knights Defense, Traxler Counterattack, Bishop Sacrifice Line",22,0.310393,0.145622,0.323835,0.020155,9.534015
800,"Italian Game: Two Knights Defense, Traxler Counterattack, Knight Sacrifice Line",22,0.310393,0.145622,0.372124,0.029836,9.534015
800,King's Indian Defense,10,0.425101,0.042896,0.405792,0.040393,2.569991
800,King's Indian Defense: Fianchetto Variation,22,0.541185,0.119931,0.441064,0.108347,3.052115
800,"King's Indian Defense: Fianchetto Variation, Delayed Fianchetto",16,0.435101,0.087793,0.291299,0.054513,3.040278
800,King's Indian Defense: Four Pawns Attack,9,0.432828,0.043554,0.459675,0.05215,2.737518
800,King's Indian Defense: Normal Variation,10,0.456212,0.066342,0.400227,0.041976,2.533081
800,"King's Indian Defense: Normal Variation, King's Knight Variation",18,0.549523,0.089692,0.414267,0.048594,2.561708
800,"King's Indian Defense: Normal Variation, Rare Defenses",24,0.535985,0.085477,0.43958,0.049356,2.804974
800,King's Indian Defense: Smyslov Variation,21,0.397258,0.101417,0.407008,0.054143,5.752622
800,London System,29,0.403398,0.132487,0.341028,0.051066,7.305165
800,"London System, with Bd3",13,0.387126,0.125828,0.399965,0.07114,6.190809
800,"London System, with Be2",13,0.402666,0.11514,0.383035,0.07741,3.710329
800,Neo-Grünfeld Defense: with Nf3,24,0.425758,0.141809,0.320509,0.051207,6.518608
800,Nimzo-Indian Defense,21,0.378281,0.074851,0.272688,0.013207,3.487077
800,Nimzo-Indian Defense: Classical Variation,10,0.39899,0.061917,0.336314,0.019322,4.291661
800,"Nimzo-Indian Defense: Classical Variation, Berlin Variation",10,0.307071,0.059631,0.339277,0.020024,4.562466
800,Nimzo-Indian Defense: Three Knights Variation,30,0.321497,0.130398,0.326212,0.067083,7.883302
800,Petrov's Defense: Italian Variation,20,0.17368,0.068059,0.314097,0.012347,10.656483
800,Philidor Defense,51,0.254894,0.096508,0.3688,0.063277,9.161187
800,Philidor Defense: Exchange Variation,20,0.416962,0.139644,0.372259,0.040539,5.999536
800,Queen's Gambit Accepted,33,0.32023,0.122706,0.340622,0.036558,7.289795
800,Queen's Gambit Accepted: Old Variation,34,0.382338,0.147649,0.377624,0.054529,6.989808
800,Queen's Gambit Declined,38,0.391026,0.126157,0.336386,0.029532,6.300425
800,Queen's Gambit Declined: Harrwitz Attack,34,0.527154,0.087504,0.334187,0.015322,1.284038
800,Queen's Gambit Declined: Modern Variation,19,0.356459,0.081692,0.329033,0.019593,5.459803
800,Queen's Gambit Declined: Ragozin Defense,39,0.472028,0.10257,0.329671,0.017334,3.434934
800,Queen's Gambit Declined: Three Knights Variation,34,0.569222,0.075941,0.359526,0.014769,1.173037
800,"Queen's Gambit Declined: Three Knights, Vienna Variation",9,0.293827,0.116601,0.303791,0.005946,8.637856
800,"Queen's Gambit Declined: Vienna Variation, Quiet Variation",14,0.420752,0.149701,0.263161,0.008344,6.935534
800,Queen's Pawn Game: Accelerated London System,98,0.31164,0.111645,0.320097,0.018738,8.49295
800,Queen's Pawn Game: London System,35,0.296423,0.105119,0.323223,0.028665,8.368398
800,"Ruy Lopez: Berlin Defense, Improved Steinitz Defense",10,0.379531,0.083972,0.373112,0.028875,4.397463
800,Ruy Lopez: Exchange Variation,9,0.402173,0.0748,0.467343,0.036089,2.886129
800,"Ruy Lopez: Exchange Variation, Lutikov Variation",10,0.3764,0.064656,0.401795,0.027337,2.75846
800,"Ruy Lopez: Exchange Variation, Normal Variation",9,0.493082,0.067793,0.473418,0.034082,0.861684
800,Ruy Lopez: Morphy Defense,9,0.604642,0.092625,0.497945,0.022661,0.657431
800,"Ruy Lopez: Morphy Defense, Anderssen Variation",9,0.493531,0.103533,0.453968,0.026772,2.704173
800,"Ruy Lopez: Morphy Defense, Caro Variation",10,0.444177,0.115101,0.460445,0.07087,4.275824
800,Ruy Lopez: Steinitz Defense,17,0.400885,0.107875,0.371974,0.05218,5.889117
800,Semi-Slav Defense,14,0.42619,0.108007,0.367238,0.0222,3.403819
800,Semi-Slav Defense: Accelerated Move Order,17,0.314736,0.096257,0.33232,0.02061,7.058612
800,Semi-Slav Defense: Main Line,17,0.573203,0.117668,0.323265,0.020431,2.661501
800,Sicilian Defense,10,0.471587,0.147548,0.479263,0.074454,4.32995
800,Sicilian Defense: Chekhover Variation,13,0.414042,0.113141,0.409734,0.052242,4.891797
800,Sicilian Defense: Closed,66,0.371035,0.145667,0.361892,0.055075,7.1968
800,"Sicilian Defense: Closed, Traditional",34,0.422768,0.143003,0.3396,0.063751,5.931752
800,Sicilian Defense: Franco-Sicilian Variation,20,0.312082,0.113604,0.384879,0.075675,7.117357
800,Sicilian Defense: Grand Prix Attack,35,0.377803,0.115644,0.377194,0.063665,4.954377
800,Sicilian Defense: Löwenthal Variation,10,0.46381,0.105082,0.501852,0.056042,2.668633
800,Sicilian Defense: Modern Variations,35,0.271853,0.103914,0.311342,0.025573,8.909278
800,"Sicilian Defense: Modern Variations, Anti-Qxd4 Move Order",17,0.384594,0.133724,0.38408,0.073125,6.032384
800,"Sicilian Defense: Modern Variations, Anti-Qxd4 Move Order Accepted",10,0.33381,0.096736,0.391511,0.061378,4.629524
800,"Sicilian Defense: Modern Variations, Main Line",10,0.571587,0.14323,0.567433,0.085864,2.487882
800,Sicilian Defense: Old Sicilian,35,0.359436,0.113855,0.32401,0.04858,5.04661
800,Sicilian Defense: Open,17,0.488575,0.146827,0.45994,0.088346,3.902906
800,Sicilian Defense: Taimanov Variation,9,0.618166,0.104483,0.45596,0.071935,0.709905
900,Bishop's Opening,35,0.238697,0.104327,0.352661,0.054265,9.476124
900,Bishop's Opening: Berlin Defense,28,0.326461,0.060325,0.308934,0.012975,5.303631
900,Bogo-Indian Defense: Exchange Variation,18,0.475814,0.11021,0.347724,0.024347,4.550685
900,Bogo-Indian Defense: Nimzowitsch Variation,18,0.464845,0.121646,0.301482,0.012573,4.621546
900,Catalan Opening: Closed,24,0.556091,0.08601,0.379432,0.059839,0.74642
900,Grünfeld Defense,10,0.427715,0.033198,0.346147,0.059713,0.936459
900,Grünfeld Defense: Exchange Variation,10,0.461048,0.068905,0.436404,0.082957,2.525955
900,Grünfeld Defense: Three Knights Variation,30,0.480479,0.130535,0.330739,0.060153,5.287667
900,"Grünfeld Defense: Three Knights Variation, Petrosian System",21,0.477404,0.086453,0.377614,0.068151,2.455044
900,Indian Defense: Anti-Nimzo-Indian,22,0.427994,0.115227,0.274575,0.03745,4.036428
900,Indian Defense: London System,35,0.324679,0.108011,0.350224,0.05641,7.357845
900,Italian Game: Classical Variation,18,0.306451,0.081923,0.364866,0.031454,5.890211
900,"Italian Game: Classical Variation, Albin Gambit",16,0.357257,0.088037,0.380332,0.028566,6.309497
900,"Italian Game: Classical Variation, Center Attack",16,0.419757,0.108224,0.428088,0.023157,4.163507
900,"Italian Game: Classical Variation, Giuoco Pianissimo",35,0.411541,0.092069,0.346306,0.017855,2.51937
900,"Italian Game: Giuoco Pianissimo, Normal",27,0.464391,0.065224,0.349352,0.016064,2.09427
900,Italian Game: Giuoco Piano,22,0.390632,0.073186,0.369313,0.020547,4.803405
900,"Italian Game: Two Knights Defense, Knight Attack, Normal Variation",25,0.51085,0.176158,0.444001,0.080385,6.156756
900,"Italian Game: Two Knights Defense, Modern Bishop's Opening",31,0.460113,0.089533,0.299176,0.015923,2.026822
900,"Italian Game: Two Knights Defense, Traxler Counterattack, Bishop Sacrifice Line",22,0.307784,0.129275,0.323835,0.020155,9.508225
900,"Italian Game: Two Knights Defense, Traxler Counterattack, Knight Sacrifice Line",22,0.307784,0.129275,0.372124,0.029836,9.508225
900,King's Indian Defense,10,0.434179,0.048054,0.405792,0.040393,2.5578
900,King's Indian Defense: Fianchetto Variation,22,0.538624,0.128876,0.441064,0.108347,3.785862
900,"King's Indian Defense: Fianchetto Variation, Delayed Fianchetto",16,0.434358,0.086822,0.291299,0.054513,3.033716
900,King's Indian Defense: Four Pawns Attack,9,0.421142,0.041508,0.459675,0.05215,2.761564
900,King's Indian Defense: Normal Variation,10,0.459028,0.066275,0.400227,0.041976,2.525955
900,"King's Indian Defense: Normal Variation, King's Knight Variation",18,0.536096,0.090879,0.414267,0.048594,2.584945
900,"King's Indian Defense: Normal Variation, Rare Defenses",24,0.537005,0.085508,0.43958,0.049356,2.799416
900,King's Indian Defense: Smyslov Variation,21,0.400252,0.101494,0.407008,0.054143,5.742128
900,London System,29,0.390178,0.120819,0.341028,0.051066,6.251292
900,"London System, with Bd3",13,0.388322,0.110104,0.399965,0.07114,4.98351
900,"London System, with Be2",13,0.388322,0.110104,0.383035,0.07741,4.98351
900,Neo-Grünfeld Defense: with Nf3,24,0.408355,0.124268,0.320509,0.051207,5.226184
900,Nimzo-Indian Defense,21,0.380133,0.079532,0.272688,0.013207,3.496468
900,Nimzo-Indian Defense: Classical Variation,10,0.395795,0.063913,0.336314,0.019322,4.303772
900,"Nimzo-Indian Defense: Classical Variation, Berlin Variation",10,0.295795,0.06262,0.339277,0.020024,4.614711
900,Nimzo-Indian Defense: Three Knights Variation,30,0.321649,0.131143,0.326212,0.067083,7.367148
900,Petrov's Defense: Italian Variation,20,0.178579,0.069081,0.314097,0.012347,10.631148
900,Philidor Defense,51,0.25718,0.097578,0.3688,0.063277,9.159574
900,Philidor Defense: Exchange Variation,20,0.417021,0.138632,0.372259,0.040539,5.237765
900,Queen's Gambit Accepted,33,0.331084,0.133341,0.340622,0.036558,7.748835
900,Queen's Gambit Accepted: Old Variation,34,0.385992,0.133916,0.377624,0.054529,5.106681
900,Queen's Gambit Declined,38,0.391318,0.127058,0.336386,0.029532,6.722731
900,Queen's Gambit Declined: Harrwitz Attack,34,0.527205,0.082609,0.334187,0.015322,1.273992
900,Queen's Gambit Declined: Modern Variation,19,0.353183,0.077037,0.329033,0.019593,5.462127
900,Queen's Gambit Declined: Ragozin Defense,39,0.470596,0.099393,0.329671,0.017334,3.434145
900,Queen's Gambit Declined: Three Knights Variation,34,0.574917,0.073205,0.359526,0.014769,1.158457
900,"Queen's Gambit Declined: Three Knights, Vienna Variation",9,0.288889,0.114321,0.303791,0.005946,8.641011
900,"Queen's Gambit Declined: Vienna Variation, Quiet Variation",14,0.40754,0.141938,0.263161,0.008344,6.951183
900,Queen's Pawn Game: Accelerated London System,98,0.313875,0.109619,0.320097,0.018738,7.996748
900,Queen's Pawn Game: London System,35,0.294104,0.102085,0.323223,0.028665,8.356772
900,"Ruy Lopez: Berlin Defense, Improved Steinitz Defense",10,0.376691,0.071221,0.373112,0.028875,4.379279
900,Ruy Lopez: Exchange Variation,9,0.387064,0.074457,0.467343,0.036089,2.96549
900,"Ruy Lopez: Exchange Variation, Lutikov Variation",10,0.380176,0.074257,0.401795,0.027337,2.79887
900,"Ruy Lopez: Exchange Variation, Normal Variation",9,0.48583,0.076037,0.473418,0.034082,0.931835
900,Ruy Lopez: Morphy Defense,9,0.612373,0.095418,0.497945,0.022661,0.655734
900,"Ruy Lopez: Morphy Defense, Anderssen Variation",9,0.501262,0.108044,0.453968,0.026772,2.702477
900,"Ruy Lopez: Morphy Defense, Caro Variation",10,0.451136,0.119853,0.460445,0.07087,4.274297
900,Ruy Lopez: Steinitz Defense,17,0.397816,0.108865,0.371974,0.05218,5.903914
900,Semi-Slav Defense,14,0.453319,0.10623,0.367238,0.0222,2.208662
900,Semi-Slav Defense: Accelerated Move Order,17,0.330184,0.095331,0.33232,0.02061,5.170703
900,Semi-Slav Defense: Main Line,17,0.582472,0.113522,0.323265,0.020431,1.715157
900,Sicilian Defense,10,0.463102,0.136788,0.479263,0.074454,4.331558
900,Sicilian Defense: Chekhover Variation,13,0.424609,0.120291,0.409734,0.052242,4.873702
900,Sicilian Defense: Closed,66,0.386237,0.155839,0.361892,0.055075,7.401301
900,"Sicilian Defense: Closed, Traditional",34,0.421412,0.155071,0.3396,0.063751,6.434208
900,Sicilian Defense: Franco-Sicilian Variation,20,0.296876,0.092545,0.384879,0.075675,7.11803
900,Sicilian Defense: Grand Prix Attack,35,0.379247,0.114545,0.377194,0.063665,4.946948
900,Sicilian Defense: Löwenthal Variation,10,0.450375,0.098464,0.501852,0.056042,2.695633
900,Sicilian Defense: Modern Variations,35,0.259472,0.090333,0.311342,0.025573,8.478993
900,"Sicilian Defense: Modern Variations, Anti-Qxd4 Move Order",17,0.369635,0.135739,0.38408,0.073125,7.004311
900,"Sicilian Defense: Modern Variations, Anti-Qxd4 Move Order Accepted",10,0.329769,0.101764,0.391511,0.061378,6.229588
900,"Sicilian Defense: Modern Variations, Main Line",10,0.585325,0.148153,0.567433,0.085864,2.464359
900,Sicilian Defense: Old Sicilian,35,0.361383,0.109656,0.32401,0.04858,5.465032
900,Sicilian Defense: Open,17,0.500458,0.160387,0.45994,0.088346,4.828032
900,Sicilian Defense: Taimanov Variation,9,0.602998,0.112999,0.45596,0.071935,0.759241
1000,Bishop's Opening,35,0.237919,0.099622,0.352661,0.054265,8.580381
1000,Bishop's Opening: Berlin Defense,28,0.337456,0.076188,0.308934,0.012975,5.877441
1000,Bogo-Indian Defense: Exchange Variation,18,0.463602,0.094493,0.347724,0.024347,4.547071
1000,Bogo-Indian Defense: Nimzowitsch Variation,18,0.434028,0.102678,0.301482,0.012573,4.661133
1000,Catalan Opening: Closed,24,0.54078,0.098062,0.379432,0.059839,0.826741
1000,Grünfeld Defense,10,0.410653,0.052315,0.346147,0.059713,1.057165
1000,Grünfeld Defense: Exchange Variation,10,0.466208,0.077156,0.436404,0.082957,2.533162
1000,Grünfeld Defense: Three Knights Variation,30,0.483178,0.131266,0.330739,0.060153,5.289469
1000,"Grünfeld Defense: Three Knights Variation, Petrosian System",21,0.483376,0.091908,0.377614,0.068151,2.459941
1000,Indian Defense: Anti-Nimzo-Indian,22,0.422738,0.11449,0.274575,0.03745,4.05499
1000,Indian Defense: London System,35,0.344253,0.103935,0.350224,0.05641,6.383371
1000,Italian Game: Classical Variation,18,0.298407,0.08424,0.364866,0.031454,5.066785
1000,"Italian Game: Classical Variation, Albin Gambit",16,0.360708,0.099837,0.380332,0.028566,5.361627
1000,"Italian Game: Classical Variation, Center Attack",16,0.410708,0.111266,0.428088,0.023157,3.232329
1000,"Italian Game: Classical Variation, Giuoco Pianissimo",35,0.419079,0.095753,0.346306,0.017855,2.061552
1000,"Italian Game: Giuoco Pianissimo, Normal",27,0.465521,0.072636,0.349352,0.016064,2.114298
1000,Italian Game: Giuoco Piano,22,0.375464,0.080582,0.369313,0.020547,4.165837
1000,"Italian Game: Two Knights Defense, Knight Attack, Normal Variation",25,0.511048,0.185882,0.444001,0.080385,6.186858
1000,"Italian Game: Two Knights Defense, Modern Bishop's Opening",31,0.467162,0.115573,0.299176,0.015923,3.098236
1000,"Italian Game: Two Knights Defense, Traxler Counterattack, Bishop Sacrifice Line",22,0.308009,0.140417,0.323835,0.020155,9.542432
1000,"Italian Game: Two Knights Defense, Traxler Counterattack, Knight Sacrifice Line",22,0.308009,0.140417,0.372124,0.029836,9.542432
1000,King's Indian Defense,10,0.417319,0.051363,0.405792,0.040393,2.600902
1000,King's Indian Defense: Fianchetto Variation,22,0.53992,0.110435,0.441064,0.108347,2.308756
1000,"King's Indian Defense: Fianchetto Variation, Delayed Fianchetto",16,0.436835,0.088645,0.291299,0.054513,3.036935
1000,King's Indian Defense: Four Pawns Attack,9,0.400725,0.039776,0.459675,0.05215,2.808339
1000,King's Indian Defense: Normal Variation,10,0.427319,0.064386,0.400227,0.041976,2.59682
1000,"King's Indian Defense: Normal Variation, King's Knight Variation",18,0.525952,0.090071,0.414267,0.048594,2.612352
1000,"King's Indian Defense: Normal Variation, Rare Defenses",24,0.53289,0.090346,0.43958,0.049356,2.820562
1000,King's Indian Defense: Smyslov Variation,21,0.388911,0.101631,0.407008,0.054143,5.77585
1000,London System,29,0.40612,0.138536,0.341028,0.051066,6.767824
1000,"London System, with Bd3",13,0.380599,0.126495,0.399965,0.07114,6.210597
1000,"London System, with Be2",13,0.389146,0.120866,0.383035,0.07741,4.962639
1000,Neo-Grünfeld Defense: with Nf3,24,0.405593,0.111333,0.320509,0.051207,4.558044
1000,Nimzo-Indian Defense,21,0.378847,0.071773,0.272688,0.013207,3.464321
1000,Nimzo-Indian Defense: Classical Variation,10,0.376908,0.055111,0.336314,0.019322,4.338558
1000,"Nimzo-Indian Defense: Classical Variation, Berlin Variation",10,0.276908,0.050041,0.339277,0.020024,4.649497
1000,Nimzo-Indian Defense: Three Knights Variation,30,0.322372,0.126214,0.326212,0.067083,7.343284
1000,Petrov's Defense: Italian Variation,20,0.184767,0.080713,0.314097,0.012347,10.636582
1000,Philidor Defense,51,0.253518,0.103063,0.3688,0.063277,9.19399
1000,Philidor Defense: Exchange Variation,20,0.410411,0.142836,0.372259,0.040539,6.047671
1000,Queen's Gambit Accepted,33,0.321331,0.124037,0.340622,0.036558,7.293699
1000,Queen's Gambit Accepted: Old Variation,34,0.38273,0.140446,0.377624,0.054529,6.046515
1000,Queen's Gambit Declined,38,0.382264,0.121751,0.336386,0.029532,6.326217
1000,Queen's Gambit Declined: Harrwitz Attack,34,0.528346,0.089099,0.334187,0.015322,1.283748
1000,Queen's Gambit Declined: Modern Variation,19,0.350499,0.077984,0.329033,0.019593,5.468925
1000,Queen's Gambit Declined: Ragozin Defense,39,0.475744,0.102031,0.329671,0.017334,3.028941
1000,Queen's Gambit Declined: Three Knights Variation,34,0.563996,0.076354,0.359526,0.014769,1.181814
1000,"Queen's Gambit Declined: Three Knights, Vienna Variation",9,0.283614,0.098714,0.303791,0.005946,8.632723
1000,"Queen's Gambit Declined: Vienna Variation, Quiet Variation",14,0.400361,0.141156,0.263161,0.008344,6.962069
1000,Queen's Pawn Game: Accelerated London System,98,0.31346,0.109879,0.320097,0.018738,8.477996
1000,Queen's Pawn Game: London System,35,0.276623,0.097533,0.323223,0.028665,8.427746
1000,"Ruy Lopez: Berlin Defense, Improved Steinitz Defense",10,0.373472,0.080047,0.373112,0.028875,4.404511
1000,Ruy Lopez: Exchange Variation,9,0.386099,0.083249,0.467343,0.036089,2.98619
1000,"Ruy Lopez: Exchange Variation, Lutikov Variation",10,0.347489,0.064341,0.401795,0.027337,2.877283
1000,"Ruy Lopez: Exchange Variation, Normal Variation",9,0.474988,0.077819,0.473418,0.034082,0.964241
1000,Ruy Lopez: Morphy Defense,9,0.605852,0.102795,0.497945,0.022661,0.683605
1000,"Ruy Lopez: Morphy Defense, Anderssen Variation",9,0.494741,0.113973,0.453968,0.026772,2.730347
1000,"Ruy Lopez: Morphy Defense, Caro Variation",10,0.445267,0.124604,0.460445,0.07087,4.29938
1000,Ruy Lopez: Steinitz Defense,17,0.385921,0.103435,0.371974,0.05218,5.011568
1000,Semi-Slav Defense,14,0.464069,0.102727,0.367238,0.0222,3.276872
1000,Semi-Slav Defense: Accelerated Move Order,17,0.316815,0.098936,0.33232,0.02061,7.059114
1000,Semi-Slav Defense: Main Line,17,0.558645,0.113268,0.323265,0.020431,2.681678
1000,Sicilian Defense,10,0.464185,0.11895,0.479263,0.074454,4.262244
1000,Sicilian Defense: Chekhover Variation,13,0.411455,0.092909,0.409734,0.052242,4.835819
1000,Sicilian Defense: Closed,66,0.382653,0.139952,0.361892,0.055075,7.129998
1000,"Sicilian Defense: Closed, Traditional",34,0.426008,0.155781,0.3396,0.063751,6.411603
1000,Sicilian Defense: Franco-Sicilian Variation,20,0.300527,0.09446,0.384879,0.075675,7.10632
1000,Sicilian Defense: Grand Prix Attack,35,0.386044,0.112534,0.377194,0.063665,4.90942
1000,Sicilian Defense: Löwenthal Variation,10,0.474589,0.099636,0.501852,0.056042,2.601313
1000,Sicilian Defense: Modern Variations,35,0.2631,0.095747,0.311342,0.025573,9.35827
1000,"Sicilian Defense: Modern Variations, Anti-Qxd4 Move Order",17,0.391662,0.130458,0.38408,0.073125,5.968444
1000,"Sicilian Defense: Modern Variations, Anti-Qxd4 Move Order Accepted",10,0.367215,0.095193,0.391511,0.061378,4.468613
1000,"Sicilian Defense: Modern Variations, Main Line",10,0.586407,0.13005,0.567433,0.085864,2.395044
1000,Sicilian Defense: Old Sicilian,35,0.360292,0.126334,0.32401,0.04858,5.517427
1000,Sicilian Defense: Open,17,0.501986,0.147865,0.45994,0.088346,4.764955
1000,Sicilian Defense: Taimanov Variation,9,0.61924,0.106698,0.45596,0.071935,0.670518
